[
  {
    "id": "0a6182b6-7ae9-4b4c-935f-c8a0bb6bc291",
    "data": [
      {
        "text": "cancélalo",
        "userDefined": false
      }
    ],
    "isTemplate": false,
    "count": 0,
    "updated": 1543576642
  },
  {
    "id": "643a291a-55c7-4bfc-a204-3ade3b6a6f70",
    "data": [
      {
        "text": "cancelar pedido",
        "userDefined": false
      }
    ],
    "isTemplate": false,
    "count": 0,
    "updated": 1543576642
  },
  {
    "id": "5ee05169-3490-472b-85f8-6dcf2e6affd9",
    "data": [
      {
        "text": "quiero cancelar el pedido ",
        "userDefined": false
      },
      {
        "text": "254",
        "alias": "OrderID",
        "meta": "@sys.number",
        "userDefined": false
      }
    ],
    "isTemplate": false,
    "count": 0,
    "updated": 1543411064
  },
  {
    "id": "08c0af6b-c4ea-4197-b964-92c7708501fc",
    "data": [
      {
        "text": "quiero cancelar mi pedido",
        "userDefined": false
      }
    ],
    "isTemplate": false,
    "count": 0,
    "updated": 1543411064
  }
]