[
  {
    "id": "c12df5a1-1785-4cfa-ac01-73ebdd0fa415",
    "data": [
      {
        "text": "adelante",
        "userDefined": false
      }
    ],
    "isTemplate": false,
    "count": 0,
    "updated": 1497432757
  },
  {
    "id": "8e7edc1f-301a-4583-b797-a5492e76808c",
    "data": [
      {
        "text": "buena idea",
        "userDefined": false
      }
    ],
    "isTemplate": false,
    "count": 0,
    "updated": 1497432757
  },
  {
    "id": "48f77722-e9f0-4e44-a71c-533f964c1a1c",
    "data": [
      {
        "text": "por supuesto",
        "userDefined": false
      }
    ],
    "isTemplate": false,
    "count": 0,
    "updated": 1497432757
  },
  {
    "id": "3a198797-5ac5-414f-9b38-e43000e31c27",
    "data": [
      {
        "text": "confirmar",
        "userDefined": false
      }
    ],
    "isTemplate": false,
    "count": 0,
    "updated": 1497432757
  },
  {
    "id": "31b24867-af15-4f9c-b3a2-867b08a589af",
    "data": [
      {
        "text": "de acuerdo",
        "userDefined": false
      }
    ],
    "isTemplate": false,
    "count": 0,
    "updated": 1497432757
  },
  {
    "id": "8b4ca7a3-0830-4f84-9a77-6487b22eb8fe",
    "data": [
      {
        "text": "sí",
        "userDefined": false
      }
    ],
    "isTemplate": false,
    "count": 0,
    "updated": 1497432757
  },
  {
    "id": "d151122a-6c71-4427-b730-159f4db99147",
    "data": [
      {
        "text": "correcto",
        "userDefined": false
      }
    ],
    "isTemplate": false,
    "count": 0,
    "updated": 1497432757
  },
  {
    "id": "5951ea9c-e7b5-4032-993b-3c3102de8ca0",
    "data": [
      {
        "text": "claro que sí",
        "userDefined": false
      }
    ],
    "isTemplate": false,
    "count": 0,
    "updated": 1497432757
  },
  {
    "id": "1440629c-47ec-4780-a803-eee3eaaad41e",
    "data": [
      {
        "text": "eso mismo",
        "userDefined": false
      }
    ],
    "isTemplate": false,
    "count": 0,
    "updated": 1497432757
  }
]