[
  {
    "id": "3d75cc5a-5d00-4cc2-b7bb-433e079646c8",
    "data": [
      {
        "text": "cual es el estado del pedido ",
        "userDefined": false
      },
      {
        "text": "243",
        "alias": "OrderID",
        "meta": "@sys.number",
        "userDefined": false
      }
    ],
    "isTemplate": false,
    "count": 0,
    "updated": 1543328772
  },
  {
    "id": "001b0852-2749-4060-a9d6-6a3d693e0d2f",
    "data": [
      {
        "text": "Dónde está mi pedido",
        "userDefined": false
      }
    ],
    "isTemplate": false,
    "count": 0,
    "updated": 1543316358
  },
  {
    "id": "7f2f18d1-91ad-49e0-a712-73838e9fa7a6",
    "data": [
      {
        "text": "¿Cuál es el estado de mi pedido?",
        "userDefined": false
      }
    ],
    "isTemplate": false,
    "count": 0,
    "updated": 1543316358
  }
]