[
  {
    "id": "597d4918-8d20-4379-99be-47d9888be6bb",
    "data": [
      {
        "text": "Buenas tardes",
        "userDefined": false
      }
    ],
    "isTemplate": false,
    "count": 0,
    "updated": 1543314368
  },
  {
    "id": "87c3fa15-b1ce-47e2-a209-137bb415a008",
    "data": [
      {
        "text": "Buenos días",
        "userDefined": false
      }
    ],
    "isTemplate": false,
    "count": 0,
    "updated": 1543314368
  },
  {
    "id": "438972ef-34d3-4c77-a7b7-2c5fc234a9b5",
    "data": [
      {
        "text": "Hola",
        "userDefined": false
      }
    ],
    "isTemplate": false,
    "count": 0,
    "updated": 1543314368
  }
]